"RuleID","Description","StartLine","EndLine","StartColumn","EndColumn","Match","Secret","File","SymlinkFile","Commit","Link","Entropy","Author","Email","Date","Message","Tags","Fingerprint"
"generic-api-key","Detected a Generic API Key, potentially exposing access to various services and sensitive operations.","2","2","2","41","API_KEY=abcd1234efgh5678ijkl9012mnop3456","abcd1234efgh5678ijkl9012mnop3456","Mongo-web/.env","","3eb686cd9c518b24899a2239ef7e46365bf521d5","https://github.com/Shekharjadi/Mongo/blob/3eb686cd9c518b24899a2239ef7e46365bf521d5/Mongo-web/.env#L2","4.625","Mande P","mande20252025@outlook.com","2025-12-06T09:25:39Z","added secretes in controllers, configuration files, environment files, views, JavaScript, CSS,  and miscellaneous text files","System.Object[]","3eb686cd9c518b24899a2239ef7e46365bf521d5:Mongo-web/.env:generic-api-key:2"
"generic-api-key","Detected a Generic API Key, potentially exposing access to various services and sensitive operations.","3","3","2","49","SECRET_KEY_BASE=0123456789abcdef0123456789abcdef","0123456789abcdef0123456789abcdef","Mongo-web/.env","","3eb686cd9c518b24899a2239ef7e46365bf521d5","https://github.com/Shekharjadi/Mongo/blob/3eb686cd9c518b24899a2239ef7e46365bf521d5/Mongo-web/.env#L3","4","Mande P","mande20252025@outlook.com","2025-12-06T09:25:39Z","added secretes in controllers, configuration files, environment files, views, JavaScript, CSS,  and miscellaneous text files","System.Object[]","3eb686cd9c518b24899a2239ef7e46365bf521d5:Mongo-web/.env:generic-api-key:3"
"generic-api-key","Detected a Generic API Key, potentially exposing access to various services and sensitive operations.","1","1","4","49","BITLY_TOKEN = 1234567890abcdef1234567890abcdef","1234567890abcdef1234567890abcdef","Mongo-web/Secrets/DummySecrets.txt","","3eb686cd9c518b24899a2239ef7e46365bf521d5","https://github.com/Shekharjadi/Mongo/blob/3eb686cd9c518b24899a2239ef7e46365bf521d5/Mongo-web/Secrets/DummySecrets.txt#L1","4","Mande P","mande20252025@outlook.com","2025-12-06T09:25:39Z","added secretes in controllers, configuration files, environment files, views, JavaScript, CSS,  and miscellaneous text files","System.Object[]","3eb686cd9c518b24899a2239ef7e46365bf521d5:Mongo-web/Secrets/DummySecrets.txt:generic-api-key:1"
"generic-api-key","Detected a Generic API Key, potentially exposing access to various services and sensitive operations.","4","4","2","37","MAILCHIMP_KEY = 1234567890abcdef-us1","1234567890abcdef-us1","Mongo-web/Secrets/DummySecrets.txt","","3eb686cd9c518b24899a2239ef7e46365bf521d5","https://github.com/Shekharjadi/Mongo/blob/3eb686cd9c518b24899a2239ef7e46365bf521d5/Mongo-web/Secrets/DummySecrets.txt#L4","4.221928","Mande P","mande20252025@outlook.com","2025-12-06T09:25:39Z","added secretes in controllers, configuration files, environment files, views, JavaScript, CSS,  and miscellaneous text files","System.Object[]","3eb686cd9c518b24899a2239ef7e46365bf521d5:Mongo-web/Secrets/DummySecrets.txt:generic-api-key:4"
"generic-api-key","Detected a Generic API Key, potentially exposing access to various services and sensitive operations.","6","6","2","49","PUSHER_SECRET = 1234567890abcdef1234567890abcdef","1234567890abcdef1234567890abcdef","Mongo-web/Secrets/DummySecrets.txt","","3eb686cd9c518b24899a2239ef7e46365bf521d5","https://github.com/Shekharjadi/Mongo/blob/3eb686cd9c518b24899a2239ef7e46365bf521d5/Mongo-web/Secrets/DummySecrets.txt#L6","4","Mande P","mande20252025@outlook.com","2025-12-06T09:25:39Z","added secretes in controllers, configuration files, environment files, views, JavaScript, CSS,  and miscellaneous text files","System.Object[]","3eb686cd9c518b24899a2239ef7e46365bf521d5:Mongo-web/Secrets/DummySecrets.txt:generic-api-key:6"
"generic-api-key","Detected a Generic API Key, potentially exposing access to various services and sensitive operations.","7","7","2","65","ONESIGNAL_KEY = NTZjNzMyYzUtMTIzNC00YWJlLTkwZWEtYWJjZGVmMTIzNDU2","NTZjNzMyYzUtMTIzNC00YWJlLTkwZWEtYWJjZGVmMTIzNDU2","Mongo-web/Secrets/DummySecrets.txt","","3eb686cd9c518b24899a2239ef7e46365bf521d5","https://github.com/Shekharjadi/Mongo/blob/3eb686cd9c518b24899a2239ef7e46365bf521d5/Mongo-web/Secrets/DummySecrets.txt#L7","4.4387217","Mande P","mande20252025@outlook.com","2025-12-06T09:25:39Z","added secretes in controllers, configuration files, environment files, views, JavaScript, CSS,  and miscellaneous text files","System.Object[]","3eb686cd9c518b24899a2239ef7e46365bf521d5:Mongo-web/Secrets/DummySecrets.txt:generic-api-key:7"
"algolia-api-key","Identified an Algolia API Key, which could result in unauthorized search operations and data exposure on Algolia-managed platforms.","2","2","2","53","ALGOLIA_ADMIN_KEY = 1234567890abcdef1234567890abcdef","1234567890abcdef1234567890abcdef","Mongo-web/Secrets/DummySecrets.txt","","3eb686cd9c518b24899a2239ef7e46365bf521d5","https://github.com/Shekharjadi/Mongo/blob/3eb686cd9c518b24899a2239ef7e46365bf521d5/Mongo-web/Secrets/DummySecrets.txt#L2","4","Mande P","mande20252025@outlook.com","2025-12-06T09:25:39Z","added secretes in controllers, configuration files, environment files, views, JavaScript, CSS,  and miscellaneous text files","System.Object[]","3eb686cd9c518b24899a2239ef7e46365bf521d5:Mongo-web/Secrets/DummySecrets.txt:algolia-api-key:2"
"generic-api-key","Detected a Generic API Key, potentially exposing access to various services and sensitive operations.","7","8","2","1","ONESIGNAL_KEY = 56c732c5-1234-4abe-90ea-abcdef123456","56c732c5-1234-4abe-90ea-abcdef123456","Mongo-web/Secrets/DummySecrets.txt","","3eb686cd9c518b24899a2239ef7e46365bf521d5","https://github.com/Shekharjadi/Mongo/blob/3eb686cd9c518b24899a2239ef7e46365bf521d5/Mongo-web/Secrets/DummySecrets.txt#L7-L8","3.8564746","Mande P","mande20252025@outlook.com","2025-12-06T09:25:39Z","added secretes in controllers, configuration files, environment files, views, JavaScript, CSS,  and miscellaneous text files","System.Object[]","3eb686cd9c518b24899a2239ef7e46365bf521d5:Mongo-web/Secrets/DummySecrets.txt:generic-api-key:7"
"gitlab-pat","Identified a GitLab Personal Access Token, risking unauthorized access to GitLab repositories and codebase exposure.","10","10","36","61","glpat-1234567890abcdefghij","glpat-1234567890abcdefghij","Mongo-web/Controllers/SecretController.cs","","3eb686cd9c518b24899a2239ef7e46365bf521d5","https://github.com/Shekharjadi/Mongo/blob/3eb686cd9c518b24899a2239ef7e46365bf521d5/Mongo-web/Controllers/SecretController.cs#L10","4.5465937","Mande P","mande20252025@outlook.com","2025-12-06T09:25:39Z","added secretes in controllers, configuration files, environment files, views, JavaScript, CSS,  and miscellaneous text files","System.Object[]","3eb686cd9c518b24899a2239ef7e46365bf521d5:Mongo-web/Controllers/SecretController.cs:gitlab-pat:10"
"private-key","Identified a Private Key, which may compromise cryptographic security and sensitive data encryption.","22","24","39","30","-----BEGIN RSA PRIVATE KEY-----
MIICWwIBAAKBgHABCDEFG1234567890ABCDEFGH1234567890ABCDEFGH12345
-----END RSA PRIVATE KEY-----","-----BEGIN RSA PRIVATE KEY-----
MIICWwIBAAKBgHABCDEFG1234567890ABCDEFGH1234567890ABCDEFGH12345
-----END RSA PRIVATE KEY-----","Mongo-web/Controllers/SecretController.cs","","3eb686cd9c518b24899a2239ef7e46365bf521d5","https://github.com/Shekharjadi/Mongo/blob/3eb686cd9c518b24899a2239ef7e46365bf521d5/Mongo-web/Controllers/SecretController.cs#L22-L24","4.6633444","Mande P","mande20252025@outlook.com","2025-12-06T09:25:39Z","added secretes in controllers, configuration files, environment files, views, JavaScript, CSS,  and miscellaneous text files","System.Object[]","3eb686cd9c518b24899a2239ef7e46365bf521d5:Mongo-web/Controllers/SecretController.cs:private-key:22"
"heroku-api-key","Detected a Heroku API Key, potentially compromising cloud application deployments and operational security.","13","13","21","73","herokuApiKey = ""3a1a1234-567b-89cd-ef01-23456789abcd""","3a1a1234-567b-89cd-ef01-23456789abcd","Mongo-web/Controllers/SecretController.cs","","3eb686cd9c518b24899a2239ef7e46365bf521d5","https://github.com/Shekharjadi/Mongo/blob/3eb686cd9c518b24899a2239ef7e46365bf521d5/Mongo-web/Controllers/SecretController.cs#L13","3.9959066","Mande P","mande20252025@outlook.com","2025-12-06T09:25:39Z","added secretes in controllers, configuration files, environment files, views, JavaScript, CSS,  and miscellaneous text files","System.Object[]","3eb686cd9c518b24899a2239ef7e46365bf521d5:Mongo-web/Controllers/SecretController.cs:heroku-api-key:13"
"generic-api-key","Detected a Generic API Key, potentially exposing access to various services and sensitive operations.","12","12","25","64","Key: dd1234567890abcdef1234567890abcdef ","dd1234567890abcdef1234567890abcdef","Mongo-web/Views/Home/Index.cshtml","","3eb686cd9c518b24899a2239ef7e46365bf521d5","https://github.com/Shekharjadi/Mongo/blob/3eb686cd9c518b24899a2239ef7e46365bf521d5/Mongo-web/Views/Home/Index.cshtml#L12","3.9698157","Mande P","mande20252025@outlook.com","2025-12-06T09:25:39Z","added secretes in controllers, configuration files, environment files, views, JavaScript, CSS,  and miscellaneous text files","System.Object[]","3eb686cd9c518b24899a2239ef7e46365bf521d5:Mongo-web/Views/Home/Index.cshtml:generic-api-key:12"
"generic-api-key","Detected a Generic API Key, potentially exposing access to various services and sensitive operations.","14","14","27","69","Key: NRII-abcdef1234567890abcdef1234567890 ","NRII-abcdef1234567890abcdef1234567890","Mongo-web/Views/Home/Index.cshtml","","3eb686cd9c518b24899a2239ef7e46365bf521d5","https://github.com/Shekharjadi/Mongo/blob/3eb686cd9c518b24899a2239ef7e46365bf521d5/Mongo-web/Views/Home/Index.cshtml#L14","4.2905345","Mande P","mande20252025@outlook.com","2025-12-06T09:25:39Z","added secretes in controllers, configuration files, environment files, views, JavaScript, CSS,  and miscellaneous text files","System.Object[]","3eb686cd9c518b24899a2239ef7e46365bf521d5:Mongo-web/Views/Home/Index.cshtml:generic-api-key:14"
"generic-api-key","Detected a Generic API Key, potentially exposing access to various services and sensitive operations.","2","2","17","52","KEY: AIzaSyDUMMYKEY1234567890abcdef ","AIzaSyDUMMYKEY1234567890abcdef","Mongo-web/wwwroot/css/site.css","","3eb686cd9c518b24899a2239ef7e46365bf521d5","https://github.com/Shekharjadi/Mongo/blob/3eb686cd9c518b24899a2239ef7e46365bf521d5/Mongo-web/wwwroot/css/site.css#L2","4.7068906","Mande P","mande20252025@outlook.com","2025-12-06T09:25:39Z","added secretes in controllers, configuration files, environment files, views, JavaScript, CSS,  and miscellaneous text files","System.Object[]","3eb686cd9c518b24899a2239ef7e46365bf521d5:Mongo-web/wwwroot/css/site.css:generic-api-key:2"
"stripe-access-token","Found a Stripe Access Token, posing a risk to payment processing services and sensitive financial data.","22","22","22","69","sk_live_51HqJ8KLkjKJHGFDShjkgfds8790HJKGFhjkgfd""","sk_live_51HqJ8KLkjKJHGFDShjkgfds8790HJKGFhjkgfd","Mongo.Services.CouponApi/Program.cs","","6237385147fba11be74934e94c5cd34cde87da2b","https://github.com/Shekharjadi/Mongo/blob/6237385147fba11be74934e94c5cd34cde87da2b/Mongo.Services.CouponApi/Program.cs#L22","4.596726","Mande P","mande20252025@outlook.com","2025-12-06T08:44:20Z","added secretes in controller program.cs and launchsettin.json and appsetting.json files","System.Object[]","6237385147fba11be74934e94c5cd34cde87da2b:Mongo.Services.CouponApi/Program.cs:stripe-access-token:22"
"generic-api-key","Detected a Generic API Key, potentially exposing access to various services and sensitive operations.","10","10","31","76","API_KEY = ""API_KEY_1234567890abcdef9999999999""","API_KEY_1234567890abcdef9999999999","Mongo.Services.CouponApi/Controllers/SecretController.cs","","6237385147fba11be74934e94c5cd34cde87da2b","https://github.com/Shekharjadi/Mongo/blob/6237385147fba11be74934e94c5cd34cde87da2b/Mongo.Services.CouponApi/Controllers/SecretController.cs#L10","3.9094114","Mande P","mande20252025@outlook.com","2025-12-06T08:44:20Z","added secretes in controller program.cs and launchsettin.json and appsetting.json files","System.Object[]","6237385147fba11be74934e94c5cd34cde87da2b:Mongo.Services.CouponApi/Controllers/SecretController.cs:generic-api-key:10"
"generic-api-key","Detected a Generic API Key, potentially exposing access to various services and sensitive operations.","11","11","31","80","JWT_SECRET = ""JWT_SECRET_xxyyzz112233445566778899""","JWT_SECRET_xxyyzz112233445566778899","Mongo.Services.CouponApi/Controllers/SecretController.cs","","6237385147fba11be74934e94c5cd34cde87da2b","https://github.com/Shekharjadi/Mongo/blob/6237385147fba11be74934e94c5cd34cde87da2b/Mongo.Services.CouponApi/Controllers/SecretController.cs#L11","4.27214","Mande P","mande20252025@outlook.com","2025-12-06T08:44:20Z","added secretes in controller program.cs and launchsettin.json and appsetting.json files","System.Object[]","6237385147fba11be74934e94c5cd34cde87da2b:Mongo.Services.CouponApi/Controllers/SecretController.cs:generic-api-key:11"
"generic-api-key","Detected a Generic API Key, potentially exposing access to various services and sensitive operations.","27","27","7","58","TwilioAuthToken"": ""1234567890abcdef1234567890abcdef""","1234567890abcdef1234567890abcdef","Mongo.Services.CouponApi/appsettings.json","","6237385147fba11be74934e94c5cd34cde87da2b","https://github.com/Shekharjadi/Mongo/blob/6237385147fba11be74934e94c5cd34cde87da2b/Mongo.Services.CouponApi/appsettings.json#L27","4","Mande P","mande20252025@outlook.com","2025-12-06T08:44:20Z","added secretes in controller program.cs and launchsettin.json and appsetting.json files","System.Object[]","6237385147fba11be74934e94c5cd34cde87da2b:Mongo.Services.CouponApi/appsettings.json:generic-api-key:27"
"private-key","Identified a Private Key, which may compromise cryptographic security and sensitive data encryption.","51","52","24","48","-----BEGIN PRIVATE KEY-----\nMIICdQIBADANBgkqhkiGFAKEKEY...AAAAAA\n-----END PRIVATE KEY-----"",
    ""PublicRSAKey"": ""-----BEGIN PUBLIC KEY-----","-----BEGIN PRIVATE KEY-----\nMIICdQIBADANBgkqhkiGFAKEKEY...AAAAAA\n-----END PRIVATE KEY-----"",
    ""PublicRSAKey"": ""-----BEGIN PUBLIC KEY-----","Mongo.Services.CouponApi/appsettings.json","","6237385147fba11be74934e94c5cd34cde87da2b","https://github.com/Shekharjadi/Mongo/blob/6237385147fba11be74934e94c5cd34cde87da2b/Mongo.Services.CouponApi/appsettings.json#L51-L52","4.509723","Mande P","mande20252025@outlook.com","2025-12-06T08:44:20Z","added secretes in controller program.cs and launchsettin.json and appsetting.json files","System.Object[]","6237385147fba11be74934e94c5cd34cde87da2b:Mongo.Services.CouponApi/appsettings.json:private-key:51"
"private-key","Identified a Private Key, which may compromise cryptographic security and sensitive data encryption.","39","40","24","48","-----BEGIN PRIVATE KEY-----\nMIICdQIBADANBgkqhkiGFAKEKEY...AAAAAA\n-----END PRIVATE KEY-----"",
    ""PublicRSAKey"": ""-----BEGIN PUBLIC KEY-----","-----BEGIN PRIVATE KEY-----\nMIICdQIBADANBgkqhkiGFAKEKEY...AAAAAA\n-----END PRIVATE KEY-----"",
    ""PublicRSAKey"": ""-----BEGIN PUBLIC KEY-----","Mongo-web/appsettings.json","","3eb686cd9c518b24899a2239ef7e46365bf521d5","https://github.com/Shekharjadi/Mongo/blob/3eb686cd9c518b24899a2239ef7e46365bf521d5/Mongo-web/appsettings.json#L39-L40","4.509723","Mande P","mande20252025@outlook.com","2025-12-06T09:25:39Z","added secretes in controllers, configuration files, environment files, views, JavaScript, CSS,  and miscellaneous text files","System.Object[]","3eb686cd9c518b24899a2239ef7e46365bf521d5:Mongo-web/appsettings.json:private-key:39"
"generic-api-key","Detected a Generic API Key, potentially exposing access to various services and sensitive operations.","21","21","7","70","JwtSigningKey"": ""jwt-signing-key-112233445566778899AABBCCDDEEFF""","jwt-signing-key-112233445566778899AABBCCDDEEFF","Mongo-web/appsettings.json","","3eb686cd9c518b24899a2239ef7e46365bf521d5","https://github.com/Shekharjadi/Mongo/blob/3eb686cd9c518b24899a2239ef7e46365bf521d5/Mongo-web/appsettings.json#L21","4.637586","Mande P","mande20252025@outlook.com","2025-12-06T09:25:39Z","added secretes in controllers, configuration files, environment files, views, JavaScript, CSS,  and miscellaneous text files","System.Object[]","3eb686cd9c518b24899a2239ef7e46365bf521d5:Mongo-web/appsettings.json:generic-api-key:21"
"generic-api-key","Detected a Generic API Key, potentially exposing access to various services and sensitive operations.","25","25","7","58","TwilioAuthToken"": ""1234567890abcdef1234567890abcdef""","1234567890abcdef1234567890abcdef","Mongo-web/appsettings.json","","3eb686cd9c518b24899a2239ef7e46365bf521d5","https://github.com/Shekharjadi/Mongo/blob/3eb686cd9c518b24899a2239ef7e46365bf521d5/Mongo-web/appsettings.json#L25","4","Mande P","mande20252025@outlook.com","2025-12-06T09:25:39Z","added secretes in controllers, configuration files, environment files, views, JavaScript, CSS,  and miscellaneous text files","System.Object[]","3eb686cd9c518b24899a2239ef7e46365bf521d5:Mongo-web/appsettings.json:generic-api-key:25"
"generic-api-key","Detected a Generic API Key, potentially exposing access to various services and sensitive operations.","53","53","9","68","SquareSecret"": ""sq0cgp-abcdefghijklmnopqrstuvxyz-1234567890""","sq0cgp-abcdefghijklmnopqrstuvxyz-1234567890","Mongo-web/appsettings.json","","3eb686cd9c518b24899a2239ef7e46365bf521d5","https://github.com/Shekharjadi/Mongo/blob/3eb686cd9c518b24899a2239ef7e46365bf521d5/Mongo-web/appsettings.json#L53","5.100683","Mande P","mande20252025@outlook.com","2025-12-06T09:25:39Z","added secretes in controllers, configuration files, environment files, views, JavaScript, CSS,  and miscellaneous text files","System.Object[]","3eb686cd9c518b24899a2239ef7e46365bf521d5:Mongo-web/appsettings.json:generic-api-key:53"
"facebook-secret","Discovered a Facebook Application secret, posing a risk of unauthorized access to Facebook accounts and personal data exposure.","47","47","9","59","FacebookSecret"": ""1234567890abcdef1234567890abcdef""","1234567890abcdef1234567890abcdef","Mongo-web/appsettings.json","","3eb686cd9c518b24899a2239ef7e46365bf521d5","https://github.com/Shekharjadi/Mongo/blob/3eb686cd9c518b24899a2239ef7e46365bf521d5/Mongo-web/appsettings.json#L47","4","Mande P","mande20252025@outlook.com","2025-12-06T09:25:39Z","added secretes in controllers, configuration files, environment files, views, JavaScript, CSS,  and miscellaneous text files","System.Object[]","3eb686cd9c518b24899a2239ef7e46365bf521d5:Mongo-web/appsettings.json:facebook-secret:47"
"stripe-access-token","Found a Stripe Access Token, posing a risk to payment processing services and sensitive financial data.","18","18","20","127","sk_test_51N0q64E7mY7MSZUFJKItKJDWxT5Fy3jaCO3B2uJKp0wjkFxNU4CrBIHiielvJiYByyhXqoljZ3ugcuy5YLccGbuS00X5CfSr6k""","sk_test_51N0q64E7mY7MSZUFJKItKJDWxT5Fy3jaCO3B2uJKp0wjkFxNU4CrBIHiielvJiYByyhXqoljZ3ugcuy5YLccGbuS00X5CfSr6k","Mongo.Services.CouponApi/appsettings.json","","fe30ca0fe4b0821ffaa7d5c044232bd77e250674","https://github.com/Shekharjadi/Mongo/blob/fe30ca0fe4b0821ffaa7d5c044232bd77e250674/Mongo.Services.CouponApi/appsettings.json#L18","5.554003","Mande P","mande20252025@outlook.com","2025-12-05T06:25:34Z","added secretes","System.Object[]","fe30ca0fe4b0821ffaa7d5c044232bd77e250674:Mongo.Services.CouponApi/appsettings.json:stripe-access-token:18"
